Nombre,Marca,Precio
Papas Fritas DIA Congeladas 700 Gr.,DIA,299
Papas Noisettes DIA 500 Gr.,DIA,299
Papas Fritas Pehuamar Acanaladas 250 Gr.,PEHUAMAR,500
Papas Fritas Pehuamar Clásicas 145 Gr.,PEHUAMAR,166
Papas McCain Tradicionales 720 Gr.,MCCAIN,282
Papa Negra x 1 Kg.,SIN MARCA,289
Papas Fritas Tubo DIA Sabor Cheddar 150 Gr.,DIA,294
Papas Fritas Mc Cain Tradicionales 400 Gr.,MCCAIN,299
Papas Fritas Pehuamar Clásicas 250 Gr.,PEHUAMAR,383.42
Papas Fritas Krachitos Corte Tradicional 60 Gr.,KRACHITOS,148
Papas Fritas Lays Clasicas 145 Gr.,LAY&apos;S,454
Papas Fritas Krachitos Corte Americano 110 Gr.,KRACHITOS,217
Papas Fritas Tubo DIA con Pimentón 150 Gr.,DIA,294
PAPAS FRITAS PAY KRACHITOS 60GR,KRACHITOS,147
Papas Fritas Slices a la provenzal 65 Gr.,SLICES TERRA,182
Papas Fritas Lay&apos;s Queso y Pimienta 85 Gr.,LAY&apos;S,373
Papas Fritas DIA 150 Gr.,DIA,249
Papas Fritas Krachitos 280 Gr.,KRACHITOS,408
Papas Fritas Lay&apos;s Cebolla Caramelizada 85 Gr.,LAY&apos;S,400
Papas Smiles McCain 600 Gr.,MCCAIN,449
Papas Fritas Pehuamar Acanaladas 140 Gr.,PEHUAMAR,310
Papas Fritas Lays Queso y Cebolla 86 gr,LAY&apos;S,308.8
Papas Fritas DIA 60 Gr.,DIA,154
Papas Fritas Lays Ketchup 85 Gr.,LAY&apos;S,400
Papas Noisettes McCain 500 Gr.,MCCAIN,549
Papas Fritas Lays Mediterraneas Jamon Serrano 85 Gr.,LAY&apos;S,315
Papa Blanca en malla x 1 Kg.,DIA,389
Papas Fritas Pehuamar Clásicas 80 Gr.,PEHUAMAR,183.8
Papas Fritas Lays Clasicas 249 Gr.,LAY&apos;S,644
Papas Fritas Pehuamar Acanaladas 80 Gr.,PEHUAMAR,230
Papas Horneables McCain 600 Gr.,MCCAIN,479
Papas Fritas Lays Clasicas 45 Gr.,LAY&apos;S,184
Papas Fritas Pay DIA 55 Gr.,DIA,176
Papas Fritas Krachitos Corte Americano 65 Gr.,KRACHITOS,146
Papas Fritas Good Show sabor Huevo Frito 63 Gr.,GOOD SHOW,220
Papas Fritas Good Show Corte Español 113 Gr.,GOOD SHOW,247.5
Papas Fritas Lays Clasicas 94 Gr.,LAY&apos;S,319
Papas Fritas DIA Jamón Serrano 55 Gr.,DIA,176
Papas Fritas DIA Corte Americano 55 Gr.,DIA,154
Papa Mini con malla x 1 Kg.,SIN MARCA,499
Puré de Papa Knorr Listo 125 Gr.,KNORR,243
Puré de Papa Knorr Listo Receta Completa 125 Gr.,KNORR,316
Puré de Papas Maggi Textura mas Cremosa 125 Gr.,MAGGI,223
"Jardinera DIA Zanahoria, Papa y Arveja 300 Gr.",DIA,114
Pan de Viena Rey Oro con Papa y Queso 300 Gr. 4 Un.,REY ORO,259
Puré de Papas Maggi Textura más Cremosa 200 Gr.,MAGGI,229
Puré de Papas Mamá Cocina Tradicional 125 Gr.,MAMA COCINA,201
Pure De Papas Chef 100 Gr.,CHEF,147
Pan de Viena Rey Oro con Papa Semillas de Sésamo 300 Gr. 4 Un.,REY ORO,345
Pan de Viena Rey Oro con Papa 300 Gr. 4 Un.,REY ORO,329
Tortilla de papa a la Española Master Cook 380 Gr.,MASTER COOK,560
Tortilla de papa Master Cook 380 Gr.,MASTER COOK,560
Puré de Papas Instantáneo Knorr Listo Regular Sin Conservantes 200 Gr.,KNORR,302
"Combo Snack DIA: Papas Fritas, Palitos de Maíz y Palitos Salados 320 Gr.",DIA,715
Premezcla para Ñoquis de Papa Mamá Cocina Plus 400 Gr.,MAMA COCINA,239
